{"sections":{"rich-text":{"type":"rich-text","blocks":{"heading":{"type":"heading","settings":{"heading":"Trending collections","heading_size":"h2"}}},"block_order":["heading"],"settings":{"desktop_content_position":"center","content_alignment":"center","color_scheme":"background-1","full_width":true,"padding_top":24,"padding_bottom":16}},"collage-1":{"type":"collage","blocks":{"2d798042-de03-4314-a2dc-4c1bd2ea382b":{"type":"image","settings":{"image":"shopify:\/\/shop_images\/browsing-clothing.jpg"}}},"block_order":["2d798042-de03-4314-a2dc-4c1bd2ea382b"],"settings":{"heading":"","heading_size":"h2","desktop_layout":"left","mobile_layout":"collage","card_styles":"product-card-wrapper","color_scheme":"background-1","padding_top":16,"padding_bottom":44}},"featured-collection":{"type":"featured-collection","settings":{"title":"Featured Collection","heading_size":"h2","description":"","show_description":false,"description_style":"body","collection":"all","products_to_show":7,"columns_desktop":4,"full_width":true,"show_view_all":false,"view_all_style":"solid","enable_desktop_slider":true,"color_scheme":"background-1","image_ratio":"square","image_shape":"default","show_secondary_image":true,"show_vendor":true,"show_rating":false,"enable_quick_add":false,"columns_mobile":"2","swipe_on_mobile":true,"padding_top":40,"padding_bottom":48}},"rich-text-1":{"type":"rich-text","blocks":{"text":{"type":"text","settings":{"text":"<p>FEATURED PRODUCT<\/p>"}}},"block_order":["text"],"settings":{"desktop_content_position":"center","content_alignment":"center","color_scheme":"background-1","full_width":true,"padding_top":4,"padding_bottom":4}},"12817499-422a-4c96-a6f6-31fbb640814a":{"type":"image-with-text","blocks":{"template--20140344738098__12817499-422a-4c96-a6f6-31fbb640814a-heading-1":{"type":"heading","settings":{"heading":"womens   fashion store","heading_size":"h2"}},"template--20140344738098__12817499-422a-4c96-a6f6-31fbb640814a-text-1":{"type":"text","settings":{"text":"<p>Women's wear isoutfits made specifically for and worn by women. Salwar suits, saaris, lehnga etc. in Indian tradition and Skirts, shirts, sweaters, trousers, coats, chemises, and jeans, etc., in western countries are examples of common women's clothing<\/p>","text_style":"body"}},"template--20140344738098__12817499-422a-4c96-a6f6-31fbb640814a-button-1":{"type":"button","settings":{"button_label":"Button label","button_link":""}}},"block_order":["template--20140344738098__12817499-422a-4c96-a6f6-31fbb640814a-heading-1","template--20140344738098__12817499-422a-4c96-a6f6-31fbb640814a-text-1","template--20140344738098__12817499-422a-4c96-a6f6-31fbb640814a-button-1"],"settings":{"image":"shopify:\/\/shop_images\/model-with-leather-jacket-over-shoulders.jpg","height":"adapt","desktop_image_width":"medium","layout":"image_first","desktop_content_position":"top","desktop_content_alignment":"left","content_layout":"no-overlap","color_scheme":"","image_behavior":"ambient","mobile_content_alignment":"left","padding_top":36,"padding_bottom":36}},"65ba1b60-e8af-42ae-9e05-9f42721bb98b":{"type":"newsection","custom_css":["img {margin: 0 auto;}","button{margin-left:800px; }"," h2 {text-align: center;}"],"settings":{"image":"shopify:\/\/shop_images\/pri_175_p-1686227078.webp","title":"Special product","text":"<p>Introducing our elegant and charming frock, designed to make your little one feel like a princess! This delightful frock is a perfect blend of style, comfort, and quality, making it an ideal choice for any special occasion or casual outing.<\/p>","view-btn-link":"shopify:\/\/collections\/all","view-btn":"Product"}}},"order":["rich-text","collage-1","featured-collection","rich-text-1","12817499-422a-4c96-a6f6-31fbb640814a","65ba1b60-e8af-42ae-9e05-9f42721bb98b"]}